,cOPN,cCON,cEXT,cAGR,cNEU
0,True,False,False,True,False
1,True,False,True,True,False
2,True,True,True,True,False
3,True,True,True,True,False
4,True,False,False,True,False
5,True,True,False,True,False
6,True,False,False,True,False
7,True,False,False,True,False
8,True,False,False,True,False
9,True,False,False,True,False
10,True,False,True,True,False
11,True,False,True,False,False
12,True,False,False,True,False
13,True,False,True,True,False
14,True,False,True,False,False
15,True,False,False,True,False
16,True,False,False,True,False
17,True,False,False,True,False
18,True,False,False,True,False
19,True,False,True,True,False
20,True,True,False,False,False
21,True,False,False,True,False
22,True,False,False,True,False
23,True,True,False,False,False
24,True,False,False,False,False
25,True,True,True,True,False
26,True,False,False,False,False
27,False,False,True,True,False
28,True,False,False,True,False
29,True,True,False,True,False
30,False,True,False,True,False
31,True,False,False,True,False
32,True,False,False,True,False
33,True,False,False,False,False
34,True,True,False,True,False
35,True,False,False,True,False
36,True,False,False,True,True
37,True,True,False,True,False
38,True,False,False,True,False
39,False,True,False,True,False
40,True,True,False,True,False
41,True,True,True,False,False
42,False,True,True,False,False
43,True,False,False,True,False
44,True,False,False,True,True
45,True,True,False,True,True
46,True,False,False,True,False
47,True,False,False,True,False
48,True,False,False,True,False
49,True,False,False,True,True
50,True,True,False,True,False
51,True,False,False,False,False
52,True,True,False,True,False
53,True,False,True,True,False
54,True,True,False,False,True
55,True,False,False,False,True
56,True,False,False,False,False
57,True,False,False,True,False
58,True,False,False,True,False
59,True,False,True,True,False
60,True,False,False,False,True
61,True,True,False,False,True
62,True,False,True,True,False
63,True,False,False,True,False
64,True,False,False,True,True
65,True,False,False,False,False
66,True,False,False,True,False
67,True,False,False,True,False
68,True,True,True,False,True
69,True,True,True,False,False
70,True,False,False,True,False
71,True,False,False,True,False
72,True,False,False,True,False
73,True,True,False,False,False
74,True,False,True,True,False
75,True,False,False,True,True
76,True,False,False,True,False
77,True,False,False,True,False
78,True,True,False,False,False
79,True,False,False,True,False
80,True,True,True,True,False
81,True,False,False,True,True
82,True,False,False,False,False
83,True,True,False,True,False
84,True,True,True,True,False
85,True,False,False,True,False
86,True,False,False,False,False
87,True,False,False,True,True
88,True,False,True,True,False
89,True,False,False,True,False
90,True,False,True,False,False
91,True,False,False,True,False
92,True,False,False,False,False
93,True,True,False,True,False
94,True,False,True,True,False
95,True,False,False,True,False
96,True,True,False,False,True
97,True,True,False,True,False
98,True,False,False,True,False
99,True,True,False,False,True
100,True,False,True,False,True
101,True,False,True,True,False
102,True,True,False,False,False
103,True,True,True,False,False
104,True,True,False,True,False
105,True,False,False,False,True
106,True,True,False,False,True
107,True,False,False,False,False
108,True,True,False,True,True
109,True,False,False,True,False
110,True,False,False,False,False
111,True,True,False,False,True
112,True,True,False,False,True
113,True,False,True,False,True
114,True,False,False,True,False
115,True,False,True,False,False
116,True,False,False,True,False
117,True,False,False,True,False
118,True,False,True,False,False
119,True,False,False,False,False
120,True,False,True,True,False
121,True,False,False,True,False
122,True,True,False,False,True
123,True,False,False,True,False
124,True,False,False,True,False
125,True,False,False,False,False
126,True,False,False,True,False
127,True,False,False,True,False
128,True,True,True,False,True
129,True,False,False,True,False
130,True,False,True,True,False
131,True,False,False,True,False
132,True,False,False,False,False
133,True,False,True,False,True
134,False,True,False,True,False
135,True,True,True,True,False
136,True,True,True,False,False
137,True,False,False,True,False
138,True,True,False,False,True
139,True,False,False,False,False
140,True,True,False,True,False
141,True,False,False,True,False
142,True,False,True,False,True
143,True,True,True,True,False
144,True,False,False,True,False
145,True,False,False,True,False
146,True,False,False,True,False
147,True,False,False,False,False
148,True,False,False,True,False
149,True,True,False,True,True
150,False,True,True,True,False
151,True,False,False,False,False
152,True,True,False,False,False
153,True,False,False,True,False
154,True,True,False,False,False
155,True,True,True,True,False
156,True,False,False,True,False
157,True,False,False,True,True
158,True,False,True,True,False
159,True,False,False,True,False
160,True,True,False,True,False
161,True,False,True,True,False
162,True,True,False,True,False
163,False,False,True,False,False
164,True,True,True,True,False
165,True,True,True,True,False
166,True,False,False,True,False
167,True,True,False,True,False
168,True,False,False,True,False
169,True,True,False,False,False
170,True,False,False,False,True
171,True,False,False,False,False
172,True,False,False,True,False
173,True,False,False,True,False
174,True,False,False,True,False
175,False,False,False,False,True
176,True,False,False,True,False
177,True,False,False,False,True
178,True,True,True,True,False
179,True,False,True,False,False
180,True,False,False,False,True
181,True,False,False,False,False
182,True,False,False,True,True
183,True,False,False,True,False
184,True,False,True,True,False
185,True,False,False,True,True
186,True,False,False,True,True
187,True,False,False,False,False
188,True,True,False,True,False
189,True,True,True,True,False
190,True,False,False,True,False
191,True,False,False,False,False
192,True,False,False,True,False
193,True,True,False,True,False
194,True,False,False,True,True
195,True,False,False,False,False
196,True,True,True,True,True
197,True,False,False,False,True
198,True,False,False,True,True
199,True,False,False,True,False
200,True,False,False,False,False
201,True,False,False,False,False
202,True,False,True,True,False
203,True,False,False,False,False
204,True,True,True,True,True
205,True,True,False,True,True
206,True,False,True,True,True
207,True,False,False,True,False
208,True,False,True,True,True
209,True,True,False,True,False
210,True,True,True,True,False
211,True,True,False,True,False
212,True,False,False,True,False
213,True,True,True,True,False
214,True,False,False,True,False
215,True,False,False,True,True
216,True,False,False,False,False
217,True,False,False,True,False
218,True,False,False,False,False
219,True,False,True,True,False
220,True,False,True,True,False
221,True,False,False,False,True
222,True,False,False,True,True
223,True,False,False,False,False
224,True,False,True,True,False
225,True,False,False,False,False
226,True,False,False,False,False
227,True,True,True,False,False
228,True,True,False,False,False
229,True,False,False,False,True
230,True,False,False,True,False
231,True,True,True,True,False
232,True,False,False,False,True
233,True,False,False,True,True
234,True,False,False,True,False
235,True,True,False,False,True
236,True,False,False,True,True
237,True,False,True,True,False
238,True,False,False,True,False
239,True,False,False,False,False
240,True,False,False,True,False
241,True,True,False,False,True
242,True,False,False,True,True
243,True,False,False,True,False
244,False,False,False,True,False
245,True,False,False,False,False
246,True,False,False,True,True
247,True,False,True,False,True
248,True,False,False,True,False
249,True,True,True,True,False
250,True,False,True,True,False
251,False,True,False,True,False
252,True,True,False,True,False
253,True,False,True,True,False
254,True,False,True,True,False
255,True,False,False,True,True
256,True,False,True,True,False
257,True,False,False,True,False
258,True,False,False,True,False
259,True,False,True,True,False
260,True,True,False,True,True
261,True,False,False,False,True
262,True,False,False,False,False
263,False,True,True,False,False
264,True,False,False,True,False
265,True,True,True,True,False
266,False,False,False,False,False
267,False,False,False,False,True
268,True,True,True,False,True
269,True,False,True,True,False
270,True,True,True,True,False
271,True,False,True,True,False
272,True,False,True,True,False
273,True,False,True,True,False
274,True,False,False,True,True
275,True,False,False,False,False
276,True,True,False,False,False
277,True,False,True,True,False
278,True,False,False,False,True
279,True,False,False,True,False
280,True,False,False,True,True
281,True,True,True,True,False
282,True,True,False,False,False
283,True,False,True,True,True
284,True,False,False,True,True
285,True,False,False,False,False
286,True,True,True,False,False
287,True,False,False,True,False
288,True,True,False,False,False
289,True,False,True,True,False
290,True,False,False,True,True
291,True,False,True,True,False
292,True,False,False,True,False
293,True,False,False,True,True
294,True,False,False,True,False
295,True,False,False,False,True
296,True,True,True,True,False
297,True,True,True,False,False
298,True,True,True,True,False
299,True,False,False,False,False
300,True,False,True,True,False
301,True,False,True,False,False
302,True,False,False,True,False
303,True,False,False,True,False
304,True,True,False,False,True
305,True,False,True,True,False
306,True,False,False,True,False
307,True,False,True,False,False
308,True,False,False,True,False
309,True,False,False,True,False
310,False,False,False,False,False
311,True,False,False,False,False
312,True,False,False,True,False
313,True,False,True,True,False
314,False,True,False,False,True
315,True,False,True,True,False
316,True,False,False,True,False
317,True,False,False,True,False
318,True,True,False,True,False
319,True,False,True,True,False
320,True,False,True,False,False
321,True,True,False,True,False
322,True,False,False,True,False
323,True,False,False,True,False
324,True,True,True,False,False
325,True,False,False,True,False
326,False,False,False,True,False
327,True,False,False,True,False
328,True,False,False,False,True
329,True,False,False,True,False
330,True,False,True,False,False
331,True,True,True,False,True
332,True,False,False,False,False
333,True,False,False,True,False
334,True,True,True,True,False
335,True,False,False,False,False
336,True,True,True,True,False
337,True,False,False,True,False
338,True,False,True,True,False
339,True,False,False,True,False
340,True,False,False,True,False
341,True,False,False,True,False
342,True,True,True,True,False
343,True,False,False,True,False
344,True,False,False,True,False
345,True,False,False,True,False
346,True,False,True,True,False
347,True,False,True,True,False
348,True,False,False,False,True
349,True,True,False,False,False
350,True,True,False,True,False
351,True,False,False,True,False
352,True,False,False,False,False
353,True,False,False,True,False
354,True,False,False,False,False
355,True,True,True,True,False
356,True,True,True,True,False
357,True,True,True,True,False
358,True,False,True,True,False
359,True,False,False,True,False
360,True,True,False,True,True
361,True,False,False,False,False
362,True,True,True,True,False
363,True,True,True,True,False
364,True,False,False,True,True
365,True,False,False,True,False
366,True,False,False,False,True
367,True,False,True,False,False
368,True,False,True,True,False
369,True,False,False,True,False
370,True,True,True,False,False
371,True,False,False,True,True
372,True,False,False,True,False
373,True,False,True,True,False
374,True,False,False,True,False
375,True,False,False,True,True
376,True,True,False,True,False
377,True,False,False,True,False
378,True,True,True,True,False
379,True,False,True,True,False
380,True,True,False,True,False
381,True,False,False,False,True
382,True,True,True,False,True
383,False,True,True,False,False
384,True,False,False,False,False
385,True,True,False,False,True
386,True,True,False,False,False
387,True,True,False,True,False
388,False,False,True,True,False
389,True,True,True,False,False
390,True,False,True,False,False
391,True,False,False,False,False
392,True,False,True,True,False
393,True,False,False,True,True
394,True,True,True,False,False
395,True,False,True,True,False
396,True,False,False,True,True
397,True,False,False,False,False
398,True,False,False,False,False
399,True,True,False,True,False
400,True,False,False,True,False
401,True,False,False,False,False
402,True,False,False,False,True
403,True,False,False,True,False
404,True,True,True,True,False
405,True,False,False,True,False
406,True,False,False,True,False
407,False,True,True,False,False
408,True,True,False,True,False
409,True,True,True,True,False
410,True,True,False,True,False
411,True,False,False,True,False
412,True,True,True,False,False
413,True,False,False,True,False
414,True,True,True,True,False
415,True,False,False,True,False
416,True,False,True,True,False
417,True,True,False,False,True
418,True,False,True,True,False
419,True,False,False,True,False
420,True,False,True,False,False
421,True,False,False,False,False
422,True,False,True,True,False
423,True,False,True,False,True
424,True,False,False,True,False
425,True,True,True,False,False
426,True,True,True,True,False
427,True,True,True,True,False
428,True,False,False,True,False
429,True,False,False,True,False
430,True,False,True,True,False
431,True,True,False,False,True
432,True,True,True,False,False
433,True,False,False,True,False
434,True,True,True,True,False
435,True,True,True,True,False
436,True,False,True,True,False
437,True,True,False,False,True
438,True,True,False,True,True
439,True,True,True,True,False
440,True,True,False,True,True
441,True,True,False,True,False
442,True,True,False,True,True
443,True,True,False,True,False
444,True,True,True,True,False
445,True,False,True,True,False
446,True,False,True,False,False
447,True,True,True,False,True
448,True,True,False,False,True
449,True,True,True,False,True
450,True,False,False,True,False
451,True,True,True,True,False
452,True,False,False,False,True
453,True,False,False,True,False
454,True,False,False,False,False
455,True,True,False,True,False
456,True,False,False,True,False
457,True,False,True,False,True
458,True,True,True,False,False
459,True,False,False,False,True
460,True,False,False,False,True
461,True,True,False,False,True
462,True,False,False,True,False
463,True,False,True,True,False
464,True,False,False,True,False
465,True,False,False,True,False
466,True,True,True,False,False
467,True,True,True,True,False
468,True,True,True,True,False
469,True,False,True,False,False
470,True,False,False,True,False
471,True,False,False,True,True
472,True,True,False,True,True
473,True,False,True,True,False
474,True,False,True,False,False
475,True,True,False,True,False
476,True,False,False,True,False
477,True,False,False,False,False
478,True,False,False,True,False
479,True,True,False,True,False
480,True,False,True,True,False
481,True,True,False,True,False
482,True,True,True,False,True
483,True,True,True,True,False
484,True,False,False,False,False
485,True,False,False,False,False
486,True,True,True,False,True
487,True,False,False,True,False
488,True,True,False,True,True
489,True,False,False,True,True
490,True,False,False,True,False
491,True,False,False,True,True
492,True,True,False,True,False
493,True,False,False,True,False
494,True,False,True,True,False
495,True,False,False,False,False
496,True,False,True,True,False
497,True,False,False,False,True
498,False,True,True,False,False
499,True,True,False,True,False
500,True,True,False,False,False
501,True,False,False,True,False
502,True,False,True,True,False
503,True,True,False,True,False
504,True,False,False,False,False
505,True,False,False,False,False
506,True,False,False,True,False
507,True,True,False,True,False
508,True,True,True,True,False
509,True,False,False,True,True
510,True,False,False,False,True
511,True,False,True,True,False
512,False,True,True,True,False
513,True,False,False,True,True
514,True,False,False,True,False
515,True,False,False,True,False
516,True,False,False,True,False
517,True,False,True,True,False
518,True,False,False,False,False
519,True,False,False,False,False
520,True,False,True,True,False
521,True,True,True,False,False
522,True,False,False,True,False
523,True,False,False,True,False
524,True,False,False,False,False
525,True,False,False,True,True
526,True,False,False,True,False
527,True,False,False,True,False
528,True,False,False,True,False
529,True,True,True,True,False
530,True,False,True,False,True
531,True,True,True,True,False
532,True,True,True,False,False
533,True,False,True,True,False
534,True,False,True,True,False
535,True,True,False,True,False
536,True,True,False,True,False
537,True,False,True,True,False
538,True,True,False,True,False
539,True,False,True,True,False
540,True,False,False,True,False
541,True,False,True,True,False
542,True,False,False,False,True
543,True,False,True,True,True
544,True,True,True,True,False
545,True,False,False,True,False
546,True,False,False,False,False
547,True,True,False,True,True
548,True,False,False,True,True
549,True,True,True,True,False
550,True,True,True,True,False
551,True,False,True,True,False
552,True,False,False,True,True
553,True,False,False,True,False
554,True,False,True,False,True
555,True,False,False,False,True
556,True,False,False,False,False
557,True,False,False,False,False
558,True,False,False,True,False
559,True,False,True,True,False
560,True,False,False,True,False
561,True,False,False,False,False
562,True,True,True,True,False
563,True,False,False,False,False
564,True,False,False,False,False
565,True,False,False,False,True
566,True,True,False,True,True
567,True,False,False,True,False
568,True,False,True,True,False
569,True,False,True,True,True
570,True,False,False,True,False
571,True,False,False,True,True
572,True,False,False,True,False
573,True,False,False,False,False
574,True,False,False,False,False
575,True,False,False,True,False
576,False,False,False,False,True
577,True,True,True,True,True
578,True,False,False,False,False
579,True,False,False,True,False
580,True,False,False,False,False
581,True,False,False,False,False
582,True,False,False,True,True
583,True,True,False,True,False
584,True,False,False,True,False
585,True,False,True,False,False
586,True,False,False,True,False
587,True,False,False,False,False
588,True,False,True,True,False
589,True,False,False,False,False
590,True,True,False,True,True
591,True,True,False,True,False
592,True,False,False,True,True
593,True,False,True,True,True
594,True,False,False,True,False
595,True,False,False,False,False
596,True,True,False,True,False
597,True,False,False,True,False
598,True,False,False,True,False
599,True,False,False,True,False
600,True,False,True,True,True
601,True,False,False,False,False
602,True,False,False,True,True
603,True,True,False,True,False
604,True,False,True,True,False
605,True,False,False,True,False
606,True,False,False,True,False
607,True,False,True,False,False
608,True,True,False,False,True
609,True,True,True,True,True
610,True,False,False,True,False
611,True,False,False,False,False
612,True,False,False,True,False
613,True,True,True,False,False
614,True,True,True,True,False
615,True,True,True,True,False
616,True,False,True,True,False
617,True,True,False,False,False
618,True,True,False,True,False
619,True,False,False,True,True
620,True,True,True,True,True
621,True,False,True,True,False
622,True,True,False,True,False
623,True,False,False,False,False
624,True,True,True,True,False
625,True,True,True,False,True
626,True,False,True,True,False
627,True,False,False,True,False
628,True,False,True,True,False
629,True,True,True,True,False
630,True,False,False,True,False
631,True,True,False,True,False
632,True,False,False,False,False
633,True,False,True,True,True
634,True,False,True,True,False
635,True,False,False,True,False
636,True,True,False,True,False
637,True,False,False,True,False
638,True,False,True,True,False
639,True,True,False,True,False
640,True,True,True,True,False
641,True,True,False,False,False
642,True,False,True,True,False
643,True,True,False,True,False
644,True,False,True,True,False
645,True,False,False,True,False
646,True,False,True,True,False
647,True,False,True,True,False
648,True,False,False,False,True
649,False,False,True,False,True
650,False,False,False,True,False
651,True,False,False,True,False
652,True,False,True,True,False
653,True,False,True,True,False
654,True,False,False,True,False
655,True,False,False,False,True
656,True,True,True,False,False
657,False,False,False,True,False
658,True,False,False,True,False
659,True,False,False,True,False
660,True,True,True,True,False
661,True,True,False,False,True
662,True,True,True,True,False
663,True,False,True,True,False
664,True,True,True,True,False
665,True,True,True,True,False
666,True,False,False,False,True
667,True,True,True,True,False
668,True,True,False,True,False
669,True,False,True,False,False
670,True,False,False,True,False
671,True,False,True,True,False
672,True,False,True,True,False
673,True,True,False,True,True
674,True,False,False,True,False
675,True,True,True,True,False
676,True,False,False,True,False
677,True,True,False,True,False
678,True,True,False,True,False
679,True,False,True,True,False
680,True,False,False,True,False
681,True,False,False,True,False
682,True,True,False,False,True
683,True,True,True,True,False
684,True,False,True,True,False
685,True,False,False,True,False
686,True,False,False,False,True
687,True,True,True,True,False
688,True,False,False,True,False
689,True,True,False,True,True
690,True,False,False,True,True
691,True,False,True,True,False
692,True,False,True,True,False
693,True,True,True,True,True
694,True,True,True,True,False
695,True,False,True,True,False
696,True,False,False,True,False
697,True,True,False,True,False
698,True,False,True,True,False
699,True,False,True,True,False
700,True,False,False,True,False
701,True,False,True,True,False
702,True,True,False,False,True
703,True,True,False,False,True
704,True,False,False,True,False
705,True,True,True,True,False
706,True,False,False,True,False
707,True,False,False,True,False
708,True,False,False,True,False
709,True,True,False,False,True
710,True,True,False,True,False
711,True,True,True,True,False
712,True,False,False,True,False
713,True,True,False,True,False
714,True,True,False,True,False
715,True,False,False,True,True
716,True,False,False,False,True
717,True,True,False,False,True
718,True,False,False,True,True
719,True,True,True,True,False
720,True,False,True,True,False
721,True,False,False,True,False
722,True,False,False,True,False
723,True,False,False,False,True
724,True,True,True,True,False
725,True,False,True,True,False
726,True,False,True,False,False
727,True,False,True,True,False
728,True,False,False,True,True
729,True,False,True,False,True
730,True,True,True,True,False
731,True,True,True,False,False
732,True,True,False,True,False
733,True,True,True,True,False
734,True,False,False,True,True
735,True,False,False,True,False
736,True,True,True,True,False
737,True,True,True,True,False
738,True,False,True,True,False
739,True,False,False,False,True
740,True,False,True,True,True
741,True,False,False,True,True
742,True,False,False,True,True
743,True,True,True,True,False
744,True,False,True,True,False
745,False,False,False,True,False
746,True,False,True,True,False
747,True,False,False,False,False
748,False,True,False,True,False
749,True,False,True,True,False
750,True,False,False,True,False
751,True,True,False,True,False
752,True,True,False,False,False
753,True,False,True,True,True
754,True,False,True,True,False
755,True,False,False,False,False
756,True,False,True,True,False
757,False,True,False,False,True
758,True,False,False,True,False
759,True,False,False,True,False
760,True,False,False,False,True
761,True,False,True,True,False
762,True,False,True,True,True
763,True,False,True,False,False
764,True,False,False,True,False
765,True,True,False,True,True
766,False,False,False,False,False
767,True,True,False,True,True
768,True,False,False,True,False
769,True,False,False,True,False
770,True,False,True,True,False
771,True,True,True,True,False
772,True,False,False,True,False
773,True,True,False,True,False
774,True,False,True,True,False
775,True,False,False,True,True
776,True,False,True,False,False
777,True,False,False,False,True
778,True,False,False,True,False
779,True,False,False,True,False
780,True,False,False,False,False
781,True,False,False,True,False
782,True,False,False,True,False
783,True,False,False,True,False
784,True,True,True,True,True
785,True,False,False,True,False
786,True,True,True,True,False
787,True,False,True,True,False
788,True,True,False,False,True
789,True,True,True,True,False
790,False,True,False,True,False
791,True,False,True,True,False
792,True,False,False,True,False
793,True,True,False,True,False
794,True,True,True,False,False
795,True,False,False,True,False
796,True,True,False,True,True
797,True,False,True,True,False
798,True,False,False,True,False
799,True,False,True,True,False
800,True,False,False,True,False
801,True,False,False,True,True
802,True,False,False,True,False
803,True,False,False,True,False
804,True,True,False,True,False
805,True,True,False,False,False
806,True,False,True,True,False
807,True,False,False,False,False
808,True,True,False,True,False
809,True,False,False,True,False
810,True,False,False,True,False
811,True,False,False,False,False
812,True,False,False,False,False
813,True,False,False,False,True
814,True,False,True,False,False
815,True,False,False,False,False
816,True,True,True,True,False
817,True,True,False,True,False
818,True,False,True,False,False
819,True,True,False,True,False
820,True,True,True,True,False
821,True,False,True,True,False
822,True,False,False,True,False
823,True,False,True,True,False
824,True,False,True,True,False
825,True,False,False,True,False
826,True,False,False,True,False
827,True,False,False,True,False
828,True,False,False,True,False
829,True,True,False,True,False
830,True,True,True,True,False
831,True,False,False,True,False
832,True,True,False,True,False
833,False,True,True,False,False
834,True,False,False,True,False
835,True,False,False,False,False
836,True,False,False,True,False
837,True,False,False,False,True
838,True,False,False,True,False
839,True,False,False,False,True
840,True,False,False,False,False
841,True,False,False,True,False
842,True,False,False,False,True
843,True,True,True,True,False
844,True,False,False,True,False
845,True,False,False,True,False
846,True,False,False,True,False
847,True,False,False,False,False
848,True,False,False,True,True
849,True,False,True,True,False
850,True,True,True,True,False
851,True,True,True,True,False
852,True,False,False,False,True
853,True,False,False,True,False
854,True,True,False,True,False
855,True,False,True,True,False
856,True,True,False,True,False
857,True,True,True,True,False
858,True,False,False,True,False
859,True,True,False,True,False
860,True,False,False,False,True
861,True,False,False,False,False
862,True,False,False,True,False
863,True,True,True,True,False
864,True,False,False,True,False
865,True,False,True,False,False
866,True,False,False,True,False
867,True,True,True,True,False
868,True,False,False,True,False
869,True,True,False,True,False
870,True,True,True,True,False
871,True,False,False,True,False
872,False,False,False,True,False
873,True,False,True,False,False
874,False,False,False,False,True
875,True,False,False,False,False
876,True,True,False,True,False
877,True,True,True,False,False
878,True,False,False,True,False
879,True,True,True,False,True
880,True,False,False,False,False
881,True,False,False,True,False
882,True,False,True,True,False
883,True,False,False,True,True
884,True,False,False,False,True
885,True,False,True,False,False
886,True,False,False,True,True
887,True,False,False,False,False
888,True,True,False,False,False
889,True,True,True,True,False
890,True,False,True,True,False
891,True,False,False,False,False
892,True,False,False,True,False
893,True,False,True,True,False
894,True,True,True,False,False
895,True,False,True,True,False
896,True,False,False,False,False
897,True,False,False,False,False
898,True,False,True,False,False
899,True,False,False,False,True
900,True,False,True,True,True
901,True,False,False,True,True
902,True,False,False,True,True
903,True,False,False,False,False
904,True,False,False,True,False
905,True,True,False,True,False
906,True,False,False,False,False
907,True,False,False,True,False
908,True,False,False,False,False
909,True,False,False,False,False
910,True,False,False,True,False
911,True,False,False,False,False
912,True,True,True,True,False
913,True,True,True,True,False
914,True,False,False,True,True
915,True,False,False,True,True
916,True,True,False,True,True
917,True,False,False,False,False
918,True,True,True,True,False
919,True,False,False,False,True
920,True,False,True,True,False
921,True,True,True,True,False
922,True,False,False,True,True
923,True,False,False,False,False
924,True,False,False,True,False
925,True,False,False,True,False
926,True,False,False,False,True
927,True,False,False,False,False
928,True,False,True,True,False
929,True,False,False,True,False
930,True,False,False,False,False
931,True,True,False,False,True
932,True,False,False,True,False
933,True,True,True,False,True
934,True,True,False,False,False
935,True,True,True,True,False
936,True,False,False,True,False
937,True,True,False,False,True
938,True,True,True,False,True
939,True,True,True,False,False
940,True,True,True,True,False
941,True,True,True,True,False
942,True,False,False,False,False
943,True,False,True,False,False
944,True,False,True,True,False
945,True,False,False,False,True
946,True,False,True,True,False
947,False,True,False,False,False
948,True,False,False,True,False
949,True,False,False,False,False
950,True,False,True,False,False
951,True,False,False,True,False
952,True,False,False,True,False
953,True,True,False,False,True
954,True,False,False,True,False
955,True,False,False,False,False
956,True,False,False,False,False
957,True,False,True,True,False
958,False,True,False,False,False
959,True,False,False,False,False
960,False,True,True,True,False
961,True,True,True,False,False
962,True,False,False,True,False
963,True,False,True,True,False
964,False,True,False,False,False
965,True,False,False,True,False
966,True,False,True,True,False
967,True,False,False,True,False
968,True,False,True,True,False
969,True,False,False,True,False
970,True,True,False,True,False
971,True,False,True,True,False
972,True,False,False,False,False
973,True,False,False,True,True
974,True,False,False,True,False
975,False,True,False,False,False
976,True,True,False,False,False
977,True,False,False,True,False
978,True,False,False,True,False
979,True,False,False,False,True
980,True,True,True,False,True
981,True,False,True,True,False
982,True,True,True,True,False
983,True,False,True,True,False
984,False,False,True,False,False
985,True,False,True,True,False
986,True,False,False,True,False
987,True,False,False,True,False
988,True,False,False,True,False
989,True,False,False,True,False
990,True,False,False,True,False
991,True,False,False,True,False
992,True,True,True,True,False
993,True,False,False,True,False
994,True,True,False,True,True
995,False,True,False,True,False
996,True,False,True,True,False
997,True,False,False,True,False
998,True,False,False,True,False
999,False,False,True,True,False
1000,True,False,False,True,False
1001,True,False,True,True,True
1002,True,False,False,False,False
1003,True,False,True,False,False
1004,True,False,False,True,False
1005,True,False,False,True,False
1006,True,False,False,True,False
1007,True,False,False,True,False
1008,True,False,False,True,False
1009,True,True,False,False,True
1010,True,True,False,True,False
1011,False,False,True,False,False
1012,True,False,False,True,False
1013,True,True,False,False,False
1014,True,False,False,True,False
1015,True,False,True,True,False
1016,True,False,False,True,False
1017,True,False,True,True,False
1018,True,True,False,True,False
1019,True,False,False,True,False
1020,True,False,True,True,False
1021,True,False,False,True,False
1022,True,False,True,True,False
1023,True,True,False,True,False
1024,True,False,False,True,False
1025,True,False,False,False,False
1026,True,False,False,False,False
1027,False,True,False,False,True
1028,True,False,True,True,False
1029,True,False,False,True,False
1030,True,False,False,True,True
1031,True,False,True,True,False
1032,True,False,False,False,True
1033,True,False,True,True,False
1034,True,False,True,False,False
1035,True,False,False,False,False
1036,True,False,True,True,False
1037,True,False,False,True,True
1038,True,False,False,True,False
1039,True,False,False,False,True
1040,True,False,False,True,False
1041,True,True,True,True,False
1042,True,True,False,True,False
1043,True,False,False,False,False
1044,True,False,False,False,True
1045,True,True,False,True,False
1046,True,False,False,True,False
1047,True,False,False,True,False
1048,True,False,False,True,True
1049,True,True,False,False,False
1050,True,False,False,True,False
1051,True,False,True,True,False
1052,True,False,False,True,False
1053,True,False,False,True,True
1054,True,False,False,True,False
1055,True,True,False,True,True
1056,True,False,False,True,False
1057,True,True,False,True,False
1058,True,False,True,True,False
1059,True,False,True,True,False
1060,True,False,True,False,True
1061,True,False,False,True,False
1062,True,False,False,True,False
1063,True,False,False,True,False
1064,False,True,True,False,False
1065,True,False,False,True,False
1066,True,True,True,True,False
1067,True,False,False,True,False
1068,True,False,False,True,False
1069,True,False,False,True,False
1070,True,True,True,True,False
1071,True,False,False,True,False
1072,True,True,True,False,False
1073,True,False,False,False,False
1074,True,True,True,True,False
1075,True,True,True,True,False
1076,True,True,True,True,True
1077,True,False,True,True,False
1078,True,False,True,True,False
1079,True,False,False,True,False
1080,True,False,False,False,True
1081,True,False,False,True,False
1082,True,True,False,True,True
1083,True,False,False,True,False
1084,True,False,False,False,False
1085,True,False,False,True,True
1086,True,False,True,True,False
1087,True,True,True,False,False
1088,True,False,False,True,False
1089,True,False,False,False,True
1090,True,True,True,True,False
1091,True,False,False,False,False
1092,True,True,True,False,False
1093,True,False,False,True,True
1094,True,False,False,True,False
1095,True,False,False,True,True
1096,True,False,False,False,False
1097,True,False,True,True,False
1098,True,True,True,True,False
1099,True,False,False,True,False
1100,True,False,True,False,False
1101,True,False,False,False,True
1102,True,True,True,True,False
1103,True,False,False,True,False
1104,True,True,False,True,False
1105,True,True,True,False,True
1106,True,False,True,False,False
1107,True,False,True,True,False
1108,True,False,False,True,False
1109,True,False,False,True,False
1110,True,False,False,False,False
1111,True,False,True,True,False
1112,False,False,False,False,False
1113,True,True,True,True,False
1114,True,False,True,True,False
1115,True,False,False,True,False
1116,True,False,False,True,False
1117,True,False,True,True,False
1118,True,False,False,False,False
1119,True,False,False,False,True
1120,True,False,False,True,False
1121,True,False,True,True,False
1122,True,False,True,True,False
1123,True,False,False,True,False
1124,True,True,False,True,True
1125,True,False,True,False,False
1126,True,False,True,True,False
1127,True,False,False,True,False
1128,True,False,False,True,False
1129,True,True,False,False,False
1130,True,False,False,True,True
1131,True,False,True,True,False
1132,True,True,False,False,False
1133,True,False,False,True,False
1134,True,True,False,True,False
1135,True,True,False,True,False
1136,True,False,False,False,False
1137,True,False,False,True,False
1138,True,True,True,True,False
1139,True,False,False,False,False
1140,True,True,False,False,False
1141,True,False,False,True,False
1142,True,False,True,True,False
1143,True,True,False,True,False
1144,True,True,False,True,False
1145,True,True,False,True,False
1146,True,False,False,False,True
1147,False,True,False,True,False
1148,True,True,False,False,False
1149,True,False,False,True,False
1150,True,True,True,False,False
1151,True,False,True,True,False
1152,True,False,True,False,False
1153,True,False,True,True,False
1154,True,False,True,True,False
1155,True,True,False,True,False
1156,True,False,False,True,False
1157,True,True,True,True,False
1158,True,False,True,True,False
1159,True,True,False,True,False
1160,True,False,False,True,False
1161,True,False,False,True,False
1162,True,False,False,True,False
1163,True,False,False,True,False
1164,True,False,True,True,False
1165,True,False,False,False,True
1166,True,False,False,False,False
1167,True,True,False,True,False
1168,True,False,False,False,False
1169,True,True,False,True,False
1170,True,False,False,True,True
1171,True,False,True,False,False
1172,True,False,False,False,False
1173,True,True,True,True,False
1174,True,False,False,False,False
1175,True,False,False,True,False
1176,True,False,True,True,False
1177,True,False,False,True,False
1178,True,False,True,True,False
1179,True,False,True,True,False
1180,True,True,False,False,True
1181,True,False,True,True,False
1182,True,False,False,False,True
1183,True,True,False,True,False
1184,True,True,True,False,True
1185,True,True,True,True,False
1186,False,False,False,True,False
1187,True,False,False,True,True
1188,True,False,False,False,False
1189,True,False,False,False,False
1190,True,True,True,True,False
1191,True,False,False,False,False
1192,True,True,False,True,True
1193,True,False,False,True,False
1194,True,False,False,True,True
1195,True,False,False,True,False
1196,True,False,False,True,False
1197,True,True,True,False,True
1198,True,False,False,True,True
1199,True,False,False,False,False
1200,True,False,False,True,False
1201,True,False,False,True,False
1202,True,True,True,True,False
1203,True,False,False,True,True
1204,True,True,True,True,False
1205,True,False,False,True,False
1206,True,False,True,True,False
1207,True,False,False,True,True
1208,True,False,True,True,False
1209,True,False,False,True,False
1210,True,True,False,True,False
1211,True,True,True,True,True
1212,True,False,False,False,True
1213,True,False,False,True,False
1214,True,False,False,True,True
1215,True,True,True,True,False
1216,True,True,True,True,True
1217,True,True,True,True,False
1218,True,False,True,True,False
1219,True,True,True,True,False
1220,True,True,False,False,False
1221,True,True,False,True,True
1222,True,False,False,True,False
1223,True,True,True,True,True
1224,True,False,False,False,False
1225,True,True,True,False,False
1226,True,True,False,True,True
1227,True,False,False,True,True
1228,True,False,False,True,False
1229,True,False,False,False,False
1230,True,True,True,True,True
1231,False,True,True,True,True
1232,True,False,False,True,False
1233,True,True,False,True,False
1234,True,False,False,False,False
1235,True,True,True,False,False
1236,True,False,False,True,False
1237,True,False,False,False,False
1238,True,False,False,True,False
1239,True,False,False,True,True
1240,True,True,True,False,False
1241,True,False,True,True,True
1242,True,False,False,True,True
1243,True,False,False,True,False
1244,True,False,False,False,True
1245,True,False,False,False,False
1246,True,True,True,True,False
1247,True,True,False,False,True
1248,True,True,False,True,False
1249,True,False,True,True,False
1250,True,False,True,False,False
1251,True,True,False,True,False
1252,True,False,True,True,False
1253,True,False,True,False,False
1254,True,False,False,True,False
1255,True,False,False,False,False
1256,True,True,True,True,False
1257,True,True,True,True,True
1258,True,False,True,True,False
1259,True,True,True,False,False
1260,True,False,False,True,False
1261,True,False,False,True,False
1262,True,False,False,False,True
1263,True,False,False,False,True
1264,True,False,False,True,False
1265,True,True,False,True,False
1266,True,False,False,True,False
1267,True,False,False,True,False
1268,True,False,False,True,False
1269,True,False,False,True,True
1270,True,True,False,True,False
1271,True,False,True,True,False
1272,True,True,False,True,True
1273,True,False,True,True,False
1274,True,False,True,True,False
1275,True,False,False,True,False
1276,True,True,False,True,False
1277,True,True,False,True,False
1278,True,False,False,True,False
1279,True,True,False,True,False
1280,True,False,True,False,False
1281,True,True,False,False,False
1282,True,False,False,True,False
1283,True,False,True,True,False
1284,True,False,False,True,False
1285,True,True,False,False,False
1286,True,True,True,True,False
1287,True,True,False,True,False
1288,True,False,False,True,False
1289,True,False,False,True,False
1290,True,True,False,True,True
1291,True,True,False,True,False
1292,True,True,False,True,False
1293,True,False,True,True,False
1294,True,True,True,True,False
1295,True,True,False,True,False
1296,True,False,False,True,True
1297,True,False,True,True,False
1298,True,False,True,True,False
1299,True,True,True,False,False
1300,True,False,False,True,False
1301,True,False,False,True,False
1302,True,True,False,False,True
1303,True,True,False,True,False
1304,True,False,False,True,False
1305,True,False,False,True,False
1306,True,False,True,True,False
1307,True,True,False,False,False
1308,True,True,True,True,False
1309,True,True,True,True,False
1310,True,False,False,False,True
1311,True,True,False,True,False
1312,True,True,True,True,False
1313,True,False,True,False,False
1314,True,False,True,True,False
1315,True,False,False,True,True
1316,True,False,True,True,False
1317,True,True,True,True,False
1318,True,False,False,True,False
1319,True,False,True,False,False
1320,True,False,False,True,False
1321,False,True,True,True,False
1322,True,True,False,True,False
1323,True,True,True,True,False
1324,True,False,True,True,False
1325,True,True,False,True,False
1326,True,True,True,True,False
1327,True,True,False,False,True
1328,True,False,True,True,False
1329,True,True,False,True,False
1330,True,True,True,True,False
1331,True,False,False,True,False
1332,True,True,True,True,False
1333,True,False,True,True,False
1334,True,False,False,True,False
1335,True,True,True,True,False
1336,True,False,False,False,False
1337,True,False,True,False,False
1338,True,False,True,False,False
1339,True,False,True,False,False
1340,True,True,False,True,False
1341,True,False,False,False,False
1342,True,False,False,False,False
1343,True,False,False,True,False
1344,True,False,False,False,False
1345,True,False,True,False,True
1346,True,True,True,True,False
1347,True,False,True,True,False
1348,True,False,False,True,False
1349,True,False,False,True,False
1350,True,True,True,True,False
1351,True,True,True,True,False
1352,True,True,False,True,False
1353,True,False,True,True,False
1354,True,False,False,True,False
1355,True,False,True,False,False
1356,True,False,True,True,False
1357,True,True,True,True,False
1358,True,False,False,True,False
1359,True,True,True,False,True
1360,True,True,False,True,False
1361,True,False,False,True,True
1362,True,True,True,True,False
1363,True,True,True,False,False
1364,True,False,True,True,False
1365,True,True,False,True,False
1366,True,False,False,True,False
1367,True,False,False,False,False
1368,True,True,True,True,False
1369,True,True,False,True,False
1370,True,False,False,True,False
1371,True,False,False,True,False
1372,True,False,True,True,False
1373,True,True,False,False,False
1374,True,False,False,True,False
1375,True,False,False,True,False
1376,True,False,False,True,False
1377,True,False,False,True,False
1378,True,False,False,False,True
1379,True,False,False,True,False
1380,True,False,False,False,True
1381,True,False,False,False,False
1382,True,True,False,True,False
1383,True,False,False,True,False
1384,True,True,False,True,False
1385,True,False,False,True,False
1386,True,False,False,True,False
1387,True,False,True,False,False
1388,True,False,False,True,False
1389,True,False,False,True,False
1390,True,False,False,True,False
1391,True,False,False,False,False
1392,True,False,False,True,False
1393,True,True,False,False,False
1394,True,True,False,True,False
1395,True,False,False,True,False
1396,True,True,True,True,False
1397,True,False,True,False,False
1398,True,False,False,False,True
1399,True,False,False,True,False
1400,True,False,True,True,False
1401,True,False,True,True,False
1402,True,False,False,True,False
1403,True,False,False,True,False
1404,True,False,True,True,False
1405,True,True,True,True,False
1406,True,True,False,True,False
1407,True,False,True,True,True
1408,True,True,True,True,False
1409,True,False,False,True,False
1410,True,False,False,False,False
1411,True,False,False,True,False
1412,True,False,False,True,False
1413,True,False,False,True,False
1414,True,False,False,False,True
1415,True,False,False,False,False
1416,True,False,False,False,False
1417,True,False,False,True,False
1418,True,False,False,True,False
1419,True,True,False,False,False
1420,True,True,True,False,False
1421,True,False,False,True,False
1422,True,True,False,True,False
1423,True,False,True,True,False
1424,True,False,False,True,False
1425,True,False,False,False,False
1426,True,False,True,True,False
1427,True,False,True,True,False
1428,True,False,True,True,False
1429,True,True,True,True,False
1430,True,False,True,False,False
1431,True,False,False,False,False
1432,True,False,False,False,False
1433,True,True,False,True,False
1434,True,False,False,False,True
1435,True,False,False,True,False
1436,True,False,False,False,False
1437,True,False,True,True,False
1438,True,True,False,False,True
1439,True,False,False,False,True
1440,True,True,False,True,False
1441,True,False,False,False,True
1442,True,False,False,True,False
1443,True,False,False,False,False
1444,True,False,False,True,False
1445,True,False,False,True,False
1446,True,True,True,True,True
1447,True,False,False,False,False
1448,True,False,False,True,False
1449,False,True,True,False,False
1450,True,False,False,True,False
1451,True,True,False,False,False
1452,True,False,False,True,False
1453,True,False,True,True,False
1454,True,False,True,True,False
1455,True,False,False,True,False
1456,True,False,False,True,False
1457,True,False,False,True,True
1458,True,True,False,False,True
1459,True,False,False,False,False
1460,True,False,False,True,False
1461,True,True,True,False,False
1462,True,False,False,True,False
1463,True,False,False,False,False
1464,True,False,False,True,False
1465,True,True,False,True,False
1466,True,False,True,True,False
1467,True,False,False,True,False
1468,True,False,False,True,False
1469,True,True,True,False,False
1470,True,True,False,True,True
1471,True,False,False,True,False
1472,True,False,False,True,True
1473,False,True,False,False,True
1474,True,True,True,False,True
1475,True,True,True,True,False
1476,True,True,True,True,True
1477,True,False,False,True,False
1478,True,True,True,False,True
1479,True,False,False,True,False
1480,True,True,True,False,False
1481,True,True,False,True,False
1482,True,False,True,True,False
1483,True,False,False,True,False
1484,True,False,False,False,False
1485,True,False,False,False,True
1486,False,False,True,False,False
1487,True,False,False,True,False
1488,True,False,True,True,False
1489,True,True,True,True,False
1490,False,False,True,True,False
1491,True,False,False,True,True
1492,True,False,False,True,True
1493,True,False,True,True,False
1494,False,False,False,False,True
1495,True,True,False,True,False
1496,True,False,True,True,False
1497,True,False,False,True,False
1498,True,False,False,True,False
1499,True,False,True,True,False
1500,False,False,True,True,False
1501,True,False,False,False,False
1502,True,False,True,True,False
1503,True,False,False,False,True
1504,True,False,False,False,True
1505,True,False,False,True,False
1506,True,False,False,False,True
1507,True,True,True,True,False
1508,True,True,True,True,False
1509,True,False,False,True,False
1510,True,False,True,True,False
1511,True,True,True,True,False
1512,True,False,False,True,False
1513,True,False,False,False,False
1514,True,True,False,True,True
1515,True,False,False,False,False
1516,True,False,False,False,False
1517,True,False,False,True,False
1518,True,True,False,False,False
1519,True,False,False,True,False
1520,True,False,False,True,False
1521,True,True,True,True,False
1522,True,False,False,True,False
1523,True,False,False,True,False
1524,True,True,True,True,False
1525,True,True,False,True,False
1526,True,False,False,False,False
1527,True,False,True,True,True
1528,True,False,True,True,False
1529,True,True,True,True,True
1530,True,False,False,True,False
1531,True,False,False,True,False
1532,True,False,True,True,False
1533,True,False,False,True,False
1534,True,False,False,True,False
1535,True,True,False,True,False
1536,True,False,False,True,True
1537,True,False,False,True,False
1538,True,False,False,True,True
1539,True,False,False,True,False
1540,True,False,False,True,False
1541,True,False,False,False,False
1542,True,False,False,False,True
1543,False,False,False,True,False
1544,True,False,False,False,False
1545,True,True,True,False,False
1546,True,False,False,True,True
1547,True,False,False,True,True
1548,True,False,False,False,False
1549,True,False,True,False,False
1550,True,False,True,True,False
1551,True,True,True,True,False
1552,True,False,True,False,False
1553,True,False,False,False,True
1554,True,False,False,True,True
1555,True,False,True,True,False
1556,True,False,False,True,True
1557,False,True,True,True,False
1558,True,False,False,True,False
1559,True,True,True,False,False
1560,True,False,True,False,True
1561,True,False,False,False,False
1562,True,False,False,True,True
1563,True,True,False,False,True
1564,True,False,True,True,True
1565,True,True,False,True,False
1566,True,False,False,False,False
1567,True,False,False,False,False
1568,True,False,True,False,True
1569,True,False,False,True,False
1570,True,False,False,True,False
1571,True,False,False,True,False
1572,True,False,True,True,False
1573,True,False,False,True,False
1574,False,True,True,False,False
1575,True,False,False,True,True
1576,True,False,False,False,False
1577,True,False,True,True,True
1578,True,False,False,True,False
1579,False,True,False,False,False
1580,True,False,False,True,False
1581,True,False,False,False,True
1582,True,False,False,True,False
1583,True,False,False,True,False
1584,True,False,False,False,True
1585,True,False,False,True,False
1586,True,False,False,False,True
1587,True,False,False,True,False
1588,True,False,False,True,False
1589,True,True,True,True,True
1590,True,False,False,False,False
1591,True,False,False,False,True
1592,True,False,False,False,False
1593,True,False,True,True,False
1594,True,False,False,False,False
1595,True,False,True,True,False
1596,True,True,False,True,False
1597,True,False,False,False,True
1598,True,False,True,False,False
1599,True,False,False,False,False
1600,True,False,True,True,False
1601,True,False,False,False,False
1602,True,True,False,True,False
1603,True,True,False,True,False
1604,True,False,False,True,False
1605,True,False,True,False,False
1606,True,True,False,True,False
1607,True,False,False,True,False
1608,True,True,False,False,False
1609,True,True,False,True,True
1610,True,False,False,False,False
1611,True,False,True,True,False
1612,True,False,True,False,False
1613,True,True,False,False,False
1614,True,False,True,True,False
1615,True,True,False,True,True
1616,True,True,False,False,False
1617,True,False,False,False,True
1618,False,True,False,True,False
1619,True,False,False,True,False
1620,True,False,False,False,False
1621,True,False,False,False,False
1622,True,False,False,False,True
1623,True,True,False,True,False
1624,True,False,False,False,True
1625,True,False,True,True,False
1626,True,False,True,False,True
1627,True,False,False,True,False
1628,True,False,False,True,True
1629,True,False,False,False,True
1630,False,False,False,False,False
1631,True,False,False,True,False
1632,True,False,False,False,False
1633,True,False,False,True,False
1634,True,True,False,False,False
1635,True,False,False,True,False
1636,True,False,False,False,True
1637,True,False,False,False,False
1638,True,False,False,False,True
1639,True,False,False,True,False
1640,True,True,True,True,False
1641,True,True,False,False,True
1642,True,False,False,False,True
1643,True,True,True,False,False
1644,True,False,True,False,False
1645,True,False,False,True,False
1646,True,False,True,True,False
1647,True,True,True,True,False
1648,True,True,False,True,False
1649,True,False,False,True,False
1650,True,False,False,True,False
1651,True,False,False,True,False
1652,True,False,False,False,False
1653,True,False,False,False,False
1654,True,False,False,False,False
1655,True,True,True,True,True
1656,True,True,True,True,False
1657,True,False,False,False,False
1658,True,False,False,False,False
1659,True,True,False,True,False
1660,True,True,True,True,True
1661,True,True,False,True,False
1662,True,False,False,True,False
1663,True,False,True,False,True
1664,True,False,True,True,False
1665,True,False,False,True,False
1666,True,False,False,True,False
1667,True,False,False,True,False
1668,True,False,False,False,False
1669,True,False,True,True,False
1670,True,False,False,True,False
1671,True,True,True,False,False
1672,True,False,True,True,False
1673,True,True,False,False,False
1674,True,False,False,False,True
1675,True,False,False,True,False
1676,True,True,True,False,False
1677,True,True,False,False,False
1678,True,False,False,False,True
1679,True,False,False,False,False
1680,True,True,False,True,True
1681,True,False,False,True,False
1682,True,True,False,False,True
1683,True,False,False,True,False
1684,True,False,False,True,False
1685,True,False,False,False,False
1686,True,False,True,True,False
1687,True,False,False,False,False
1688,True,True,False,True,False
1689,True,False,False,False,False
1690,True,False,False,False,False
1691,True,True,False,False,False
1692,False,False,False,False,False
1693,True,False,False,False,False
1694,True,False,True,True,False
1695,True,False,False,False,True
1696,True,False,False,True,False
1697,True,False,False,True,False
1698,True,False,False,True,True
1699,True,False,True,True,False
1700,True,False,True,True,False
1701,True,False,False,False,True
1702,True,False,False,False,False
1703,True,False,False,False,True
1704,True,False,False,False,False
1705,True,False,False,False,False
1706,True,False,False,True,False
1707,True,True,True,True,True
1708,True,False,False,False,False
1709,True,False,False,True,False
1710,True,False,False,False,True
1711,True,False,True,True,False
1712,True,True,True,True,False
1713,True,True,False,True,False
1714,True,False,False,True,False
1715,True,False,False,True,False
1716,True,False,True,False,False
1717,True,False,False,True,False
1718,True,False,False,True,False
1719,True,False,False,False,False
1720,True,True,False,True,True
1721,True,False,False,True,False
1722,True,False,False,False,False
1723,True,False,False,True,False
1724,False,True,False,False,True
1725,True,False,False,True,True
1726,True,True,False,True,True
1727,True,False,False,True,False
1728,True,False,True,True,False
1729,True,True,True,True,False
1730,True,False,False,True,False
1731,True,True,True,True,False
1732,True,False,True,True,False
1733,True,False,True,True,False
1734,True,False,False,False,True
1735,True,False,False,True,False
1736,True,False,True,True,False
1737,True,False,False,False,True
1738,True,True,False,True,False
1739,True,True,False,True,False
1740,True,False,True,True,False
1741,True,True,True,True,False
1742,True,False,True,False,True
1743,True,False,True,True,False
1744,True,True,False,True,False
1745,True,False,False,False,False
1746,True,False,False,True,False
1747,True,False,False,True,False
1748,True,True,True,True,False
1749,True,False,False,True,True
1750,True,False,False,True,False
1751,True,False,False,False,False
1752,True,False,False,False,False
1753,True,True,False,False,True
1754,True,False,True,True,False
1755,True,True,False,False,False
1756,True,False,True,True,False
1757,True,False,False,False,False
1758,True,True,True,True,False
1759,True,False,False,True,False
1760,True,False,False,False,True
1761,True,False,False,True,True
1762,True,False,False,False,False
1763,True,False,True,False,True
1764,True,True,True,True,False
1765,True,False,False,False,False
1766,True,False,False,True,False
1767,True,False,False,True,False
1768,True,True,True,True,False
1769,True,False,False,True,False
1770,True,False,False,False,False
1771,True,False,False,False,False
1772,True,False,True,False,False
1773,True,False,False,True,False
1774,True,False,True,True,False
1775,True,False,False,True,False
1776,True,False,True,False,False
1777,True,False,False,True,False
1778,True,False,False,False,False
1779,True,False,False,False,False
1780,True,False,False,True,False
1781,True,False,False,True,False
1782,True,False,True,True,False
1783,True,True,True,True,False
1784,True,True,True,True,False
1785,True,False,False,True,False
1786,True,False,False,True,False
1787,True,True,True,False,False
1788,True,True,True,False,False
1789,True,False,False,True,False
1790,True,False,False,True,False
1791,True,False,True,False,False
1792,True,True,True,True,False
1793,True,False,False,False,False
1794,True,False,False,True,False
1795,True,False,False,True,True
1796,True,False,False,True,False
1797,True,False,False,True,False
1798,True,False,False,True,False
1799,True,False,False,True,False
1800,True,True,False,True,True
1801,True,False,False,True,False
1802,True,False,False,True,False
1803,True,True,False,True,False
1804,True,False,False,True,False
1805,True,False,False,True,False
1806,True,True,False,False,True
1807,True,True,False,False,True
1808,True,False,False,True,False
1809,True,False,True,True,False
1810,True,False,True,True,False
1811,True,True,True,True,False
1812,True,True,True,True,False
1813,True,False,False,True,False
1814,True,False,True,False,False
1815,True,False,False,False,False
1816,True,True,True,False,False
1817,True,True,False,False,False
1818,True,False,False,True,True
1819,True,True,False,True,False
1820,True,False,True,True,False
1821,True,False,False,True,False
1822,True,False,False,True,False
1823,True,False,False,True,False
1824,True,False,False,True,True
1825,True,False,False,True,False
1826,True,False,False,True,False
1827,True,False,True,False,False
1828,True,False,False,True,False
1829,True,False,False,False,False
1830,True,False,False,True,False
1831,True,False,False,True,False
1832,True,False,True,True,False
1833,True,False,False,True,False
1834,True,False,False,False,False
1835,False,False,True,True,False
1836,True,True,True,True,False
1837,True,False,False,False,False
1838,True,False,False,True,False
1839,False,False,False,False,False
1840,True,False,True,True,True
1841,True,False,True,True,False
1842,True,False,False,False,False
1843,True,False,False,True,False
1844,True,False,False,True,False
1845,True,False,False,False,True
1846,True,False,False,True,False
1847,True,False,True,True,False
1848,True,False,False,True,True
1849,True,False,False,True,False
1850,True,False,True,True,False
1851,True,False,False,True,False
1852,True,False,False,True,False
1853,True,True,False,False,True
1854,True,False,False,False,True
1855,True,False,False,True,True
1856,True,False,True,True,False
1857,True,False,False,True,True
1858,True,False,False,True,False
1859,True,True,False,True,False
1860,True,False,False,False,False
1861,True,True,True,True,False
1862,True,True,True,True,False
1863,True,False,False,False,True
1864,True,True,True,True,False
1865,True,False,False,True,False
1866,True,False,False,False,True
1867,True,False,False,True,False
1868,True,False,False,False,False
1869,True,False,True,True,False
1870,True,False,False,True,False
1871,False,False,True,False,False
1872,True,False,False,True,True
1873,True,False,True,False,True
1874,True,False,False,False,False
1875,True,False,False,True,False
1876,True,False,False,True,False
1877,True,False,False,False,False
1878,True,True,True,True,False
1879,True,False,False,False,False
1880,True,False,False,False,True
1881,True,False,False,True,False
1882,True,False,False,False,True
1883,True,False,False,False,False
1884,True,False,True,True,False
1885,True,False,False,False,False
1886,True,False,False,True,True
1887,True,True,False,True,False
1888,True,False,False,True,False
1889,True,True,True,False,False
1890,True,False,True,True,False
1891,True,False,False,True,True
1892,True,False,False,True,False
1893,True,False,False,True,False
1894,True,False,False,False,True
1895,True,False,False,True,False
1896,True,False,False,True,False
1897,True,False,False,False,True
1898,True,False,False,True,False
1899,True,False,False,True,False
1900,True,False,False,False,True
1901,True,False,False,True,True
1902,True,False,True,False,False
1903,True,False,True,True,False
1904,True,False,False,False,False
1905,True,False,False,False,False
1906,True,True,True,True,False
1907,True,False,False,True,False
1908,True,False,False,True,False
1909,False,True,True,True,False
1910,False,False,False,True,False
1911,True,False,False,True,False
1912,True,False,False,True,False
1913,True,False,False,True,False
1914,True,False,False,False,False
1915,True,False,True,True,False
1916,True,False,False,True,False
1917,True,False,True,False,False
1918,True,True,True,False,False
1919,True,True,False,True,False
1920,True,True,False,True,False
1921,True,False,False,True,False
1922,True,False,False,True,False
1923,True,False,False,False,False
1924,True,True,True,False,False
1925,True,True,False,True,False
1926,True,True,False,True,False
1927,True,False,False,False,False
1928,True,False,False,True,False
1929,True,False,False,True,False
1930,True,False,False,True,False
1931,False,False,False,True,False
1932,True,False,False,True,False
1933,True,False,False,True,False
1934,True,True,False,True,False
1935,True,False,True,False,False
1936,True,False,False,True,False
1937,True,False,True,True,False
1938,True,True,True,False,True
1939,True,True,True,False,True
1940,True,True,True,False,True
1941,True,True,True,True,False
1942,True,True,True,False,True
1943,True,True,False,False,True
1944,True,True,False,False,True
1945,True,True,True,False,True
1946,True,False,True,True,False
1947,True,False,False,False,True
1948,True,False,False,False,False
1949,True,True,True,True,False
1950,True,False,False,False,False
1951,True,False,True,False,False
1952,True,False,False,False,False
1953,True,True,False,False,False
1954,True,False,True,True,False
1955,True,False,True,True,False
1956,True,True,True,True,False
1957,True,False,False,True,False
1958,True,False,True,True,False
1959,True,True,True,True,False
1960,True,False,False,False,False
1961,True,True,False,False,True
1962,True,False,False,True,False
1963,True,False,True,False,False
1964,True,False,True,True,False
1965,True,False,True,True,False
1966,True,False,False,True,False
1967,True,False,False,True,False
1968,True,False,False,True,True
1969,True,True,True,True,False
1970,True,True,True,True,False
1971,True,True,True,True,False
1972,True,False,False,False,True
1973,True,False,False,True,True
1974,True,True,True,False,True
1975,True,False,True,False,False
1976,True,False,False,True,True
1977,True,False,False,True,False
1978,True,False,False,False,False
1979,True,False,False,True,False
1980,True,False,False,True,True
1981,True,False,False,True,False
1982,True,False,True,False,False
1983,True,False,False,False,False
1984,True,False,False,True,False
1985,True,False,True,False,True
1986,True,True,False,True,False
1987,True,False,True,False,False
1988,True,False,True,True,False
1989,True,False,False,True,False
1990,True,False,True,True,False
1991,True,True,True,False,True
1992,True,True,True,True,False
1993,True,False,False,True,False
1994,True,False,False,True,False
1995,True,False,True,True,False
1996,True,False,False,True,True
1997,True,True,True,True,False
1998,True,False,False,True,True
1999,True,False,False,True,True
2000,True,True,False,True,False
2001,True,False,False,True,False
2002,True,False,True,True,False
2003,True,True,True,False,False
2004,True,False,False,True,False
2005,True,False,False,False,True
2006,True,False,False,True,False
2007,True,False,False,True,False
2008,True,False,True,True,False
2009,True,True,True,True,False
2010,True,False,False,False,False
2011,True,False,True,True,False
2012,True,False,False,False,True
2013,True,False,False,True,False
2014,True,False,False,True,True
2015,True,True,False,True,False
2016,True,True,False,True,False
2017,False,False,True,False,False
2018,True,False,False,True,False
2019,True,False,True,True,False
2020,True,False,False,True,False
2021,True,True,False,False,False
2022,True,True,False,True,True
2023,True,False,False,True,False
2024,True,False,False,False,True
2025,True,True,True,False,True
2026,True,True,False,True,False
2027,True,False,False,True,False
2028,True,True,False,True,False
2029,True,False,False,True,False
2030,True,False,False,True,False
2031,True,True,False,False,False
2032,True,True,False,False,False
2033,True,False,False,False,False
2034,True,False,False,True,True
2035,True,False,False,True,False
2036,False,False,False,True,False
2037,False,True,False,True,False
2038,True,False,False,False,True
2039,True,False,False,True,False
2040,False,False,False,False,True
2041,True,False,False,True,False
2042,True,False,False,False,False
2043,True,True,False,True,False
2044,True,False,False,False,False
2045,True,False,False,True,False
2046,True,False,True,True,False
2047,True,False,True,False,True
2048,True,False,False,True,False
2049,True,False,False,True,True
2050,True,False,False,False,True
2051,True,True,True,True,False
2052,True,False,False,False,True
2053,True,True,False,False,False
2054,True,False,False,False,False
2055,True,True,False,False,True
2056,True,False,False,True,False
2057,True,True,True,False,True
2058,True,True,True,True,False
2059,True,False,False,False,True
2060,True,False,True,True,False
2061,True,False,True,False,False
2062,True,False,False,False,False
2063,True,False,False,False,False
2064,True,False,False,False,False
2065,True,False,True,False,False
2066,True,False,False,False,False
2067,True,False,False,True,False
2068,True,True,True,True,False
2069,True,True,False,True,False
2070,True,True,True,True,False
2071,True,False,True,True,False
2072,True,False,False,False,True
2073,True,False,False,False,False
2074,True,False,True,True,False
2075,True,True,False,True,False
2076,True,False,False,True,False
2077,True,True,False,True,False
2078,True,False,False,False,False
2079,True,True,True,True,False
2080,True,True,False,False,False
2081,True,False,False,False,False
2082,True,False,False,True,True
2083,True,False,True,False,False
2084,False,False,False,True,False
2085,True,True,False,True,False
2086,True,False,False,False,True
2087,True,False,False,True,False
2088,True,False,False,True,True
2089,True,False,True,False,False
2090,True,False,False,True,False
2091,True,True,True,False,True
2092,True,False,True,True,False
2093,True,False,False,False,False
2094,True,False,False,True,False
2095,True,True,True,False,False
2096,True,False,False,True,False
2097,True,False,False,False,False
2098,True,False,True,True,False
2099,True,False,False,True,False
2100,True,False,False,True,False
2101,True,False,False,False,False
2102,True,True,True,False,False
2103,True,False,True,True,False
2104,True,False,False,False,False
2105,True,False,False,True,False
2106,True,False,False,False,False
2107,True,False,False,False,False
2108,True,False,False,True,False
2109,True,False,False,True,False
2110,True,False,False,False,False
2111,True,False,True,False,False
2112,True,False,False,True,False
2113,True,False,True,True,False
2114,True,False,False,False,False
2115,False,True,True,True,False
2116,True,True,False,False,True
2117,True,False,False,True,False
2118,True,False,False,False,True
2119,True,False,False,True,True
2120,True,False,False,True,False
2121,True,False,False,True,False
2122,True,False,False,False,False
2123,True,True,True,False,False
2124,True,False,False,True,False
2125,True,False,False,False,True
2126,True,False,False,True,False
2127,True,False,False,False,True
2128,True,False,True,True,True
2129,True,False,False,True,False
2130,True,False,False,True,False
2131,True,False,False,False,True
2132,True,True,False,False,False
2133,True,False,True,True,False
2134,True,False,False,True,False
2135,True,False,True,True,False
2136,False,True,False,False,False
2137,True,True,False,False,False
2138,True,False,True,True,False
2139,True,False,False,True,False
2140,True,False,True,False,False
2141,True,False,False,True,False
2142,True,True,True,False,True
2143,True,True,True,False,False
2144,True,False,False,True,False
2145,True,False,False,False,False
2146,True,True,False,False,False
2147,True,True,False,True,True
2148,True,False,False,False,False
2149,True,False,False,False,True
2150,True,False,False,False,False
2151,True,False,False,False,False
2152,True,False,False,True,False
2153,True,False,True,True,False
2154,True,False,False,True,False
2155,True,False,False,True,False
2156,True,False,False,False,True
2157,True,False,True,True,False
2158,True,True,False,False,False
2159,True,False,False,True,False
2160,True,True,False,False,True
2161,True,False,False,True,False
2162,True,False,True,False,False
2163,True,False,False,True,False
2164,True,False,False,False,True
2165,True,False,False,True,False
2166,True,False,False,False,True
2167,True,False,False,False,False
2168,True,False,True,True,False
2169,True,False,False,True,False
2170,True,False,False,False,True
2171,True,False,False,False,False
2172,True,False,False,True,False
2173,True,False,False,True,False
2174,True,False,True,True,False
2175,True,False,False,True,False
2176,True,True,True,True,False
2177,True,False,False,True,False
2178,True,True,True,True,False
2179,True,False,False,False,False
2180,True,False,False,False,False
2181,True,False,False,True,False
2182,True,False,False,False,True
2183,True,False,False,False,True
2184,True,False,True,True,False
2185,True,False,False,False,False
2186,True,False,True,False,True
2187,False,False,False,False,False
2188,True,False,False,False,False
2189,True,False,False,True,False
2190,True,False,False,False,False
2191,True,False,True,False,False
2192,True,False,False,False,False
2193,True,False,True,False,False
2194,True,True,False,True,False
2195,True,False,False,True,False
2196,True,False,False,True,False
2197,True,False,True,True,False
2198,True,False,False,True,True
2199,True,False,True,False,False
2200,True,False,False,True,False
2201,True,False,True,True,False
2202,True,False,False,True,False
2203,True,True,False,True,False
2204,True,False,False,True,False
2205,True,False,True,True,False
2206,True,False,True,False,False
2207,True,False,False,True,False
2208,True,False,False,True,False
2209,False,False,False,False,False
2210,True,True,True,False,True
2211,True,False,False,True,False
2212,True,False,False,False,False
2213,True,False,False,True,False
2214,True,False,False,True,False
2215,True,True,False,True,False
2216,True,True,False,True,False
2217,True,False,True,True,False
2218,True,True,False,True,False
2219,True,False,True,False,True
2220,True,False,False,True,True
2221,True,True,True,True,False
2222,True,False,False,True,False
2223,True,False,False,False,False
2224,True,False,False,False,True
2225,True,False,False,False,False
2226,True,True,False,True,False
2227,True,True,True,False,True
2228,True,False,False,True,False
2229,True,False,True,True,False
2230,True,True,True,True,True
2231,True,True,True,False,False
2232,True,True,True,False,True
2233,True,True,True,False,True
2234,True,False,False,False,True
2235,True,False,False,True,True
2236,True,True,False,True,True
2237,True,False,False,True,True
2238,True,True,False,True,False
2239,True,False,True,True,False
2240,True,False,False,False,True
2241,True,True,False,True,False
2242,False,True,True,True,False
2243,True,False,True,True,False
2244,True,True,False,False,False
2245,True,False,False,False,False
2246,True,False,False,True,False
2247,False,True,False,True,True
2248,True,False,False,False,True
2249,True,False,False,True,True
2250,True,False,False,True,True
2251,True,True,False,False,True
2252,True,True,False,False,True
2253,True,True,False,True,False
2254,True,False,False,False,False
2255,True,False,False,False,False
2256,True,False,False,False,False
2257,True,False,False,False,True
2258,True,False,False,True,False
2259,True,True,False,True,False
2260,True,False,True,True,False
2261,True,False,False,True,True
2262,True,False,False,False,False
2263,False,False,False,False,False
2264,True,False,True,False,False
2265,True,False,False,True,False
2266,True,False,False,False,False
2267,True,False,False,False,False
2268,True,True,False,True,True
2269,True,False,False,False,False
2270,True,False,False,False,False
2271,True,False,False,True,False
2272,True,True,False,True,False
2273,True,True,False,True,True
2274,True,False,False,True,False
2275,True,True,True,True,False
2276,True,False,False,False,False
2277,True,False,False,True,False
2278,True,True,False,False,False
2279,True,False,True,True,False
2280,True,True,True,True,False
2281,True,False,False,True,False
2282,True,False,False,True,False
2283,True,False,True,True,False
2284,True,True,True,True,False
2285,True,False,False,True,False
2286,True,False,False,True,False
2287,True,False,False,True,False
2288,True,False,True,True,False
2289,True,False,False,True,False
2290,True,False,True,True,False
2291,True,True,True,False,False
2292,True,True,False,False,False
2293,True,False,True,True,False
2294,True,False,False,True,False
2295,True,True,False,True,False
2296,True,True,True,True,False
2297,True,False,False,False,False
2298,True,True,True,False,True
2299,True,False,False,True,True
2300,True,False,True,True,False
2301,True,False,False,False,False
2302,True,True,False,True,False
2303,True,False,False,True,True
2304,True,False,True,True,False
2305,True,False,False,True,True
2306,True,False,False,False,False
2307,True,False,True,True,False
2308,True,False,True,True,False
2309,True,True,True,True,False
2310,True,True,False,True,False
2311,False,False,True,False,False
2312,True,False,True,False,True
2313,True,False,False,True,False
2314,True,False,False,True,False
2315,True,False,False,True,False
2316,True,False,False,True,False
2317,True,True,True,True,False
2318,False,True,False,False,True
2319,True,False,True,True,False
2320,False,True,False,True,True
2321,True,False,False,False,False
2322,True,True,False,True,True
2323,True,False,False,True,False
2324,True,True,True,False,False
2325,True,False,False,True,True
2326,True,True,False,True,False
2327,True,False,False,True,False
2328,True,False,False,True,False
2329,True,True,True,True,False
2330,True,False,True,False,False
2331,True,False,False,True,True
2332,True,False,False,False,True
2333,True,False,False,True,True
2334,True,False,False,True,False
2335,True,False,False,True,False
2336,True,False,False,True,False
2337,True,False,False,False,True
2338,True,False,False,True,True
2339,True,False,False,True,True
2340,True,True,False,False,True
2341,True,False,False,True,True
2342,True,False,False,True,False
2343,True,True,True,True,False
2344,True,False,True,True,False
2345,True,False,False,False,False
2346,True,False,False,True,False
2347,True,False,False,True,True
2348,False,True,True,False,True
2349,True,False,False,False,True
2350,True,True,False,False,True
2351,True,False,False,True,False
2352,True,False,False,True,True
2353,True,False,False,True,False
2354,True,False,False,True,False
2355,True,True,True,True,False
2356,True,False,True,False,True
2357,True,False,False,True,False
2358,True,False,False,False,False
2359,True,False,False,False,True
2360,True,False,False,True,False
2361,True,True,True,True,False
2362,True,False,True,True,False
2363,True,False,False,True,False
2364,False,True,False,True,False
2365,True,True,True,False,False
2366,True,False,False,True,False
2367,True,True,False,True,True
2368,True,False,False,True,False
2369,True,False,False,True,False
2370,True,True,True,True,False
2371,True,False,False,True,False
2372,True,False,False,False,False
2373,True,False,True,True,False
2374,True,False,False,False,False
2375,True,True,True,True,True
2376,True,False,False,True,False
2377,True,False,False,True,False
2378,True,False,False,False,False
2379,True,False,False,True,True
2380,True,False,False,True,False
2381,True,False,False,True,False
2382,True,False,False,True,False
2383,True,False,False,False,False
2384,True,True,False,True,False
2385,True,False,False,False,False
2386,False,False,False,False,False
2387,True,False,False,False,True
2388,True,False,True,True,False
2389,True,False,False,True,False
2390,True,True,True,True,False
2391,True,False,False,False,False
2392,True,True,False,False,True
2393,True,True,False,False,True
2394,True,False,True,True,False
2395,True,True,False,False,False
2396,True,True,True,False,False
2397,True,False,True,True,True
2398,True,False,False,True,False
2399,True,False,False,True,False
2400,True,True,False,True,False
2401,True,False,False,True,False
2402,True,False,False,True,False
2403,True,False,False,True,False
2404,True,True,True,True,True
2405,True,True,True,False,False
2406,True,True,False,True,True
2407,True,False,False,False,False
2408,True,True,True,True,True
2409,True,True,False,False,False
2410,True,False,False,False,False
2411,True,False,False,True,False
2412,True,False,False,False,False
2413,True,True,True,True,False
2414,True,True,False,True,False
2415,True,False,True,True,True
2416,True,False,False,False,True
2417,True,False,False,True,False
2418,True,True,False,True,False
2419,True,False,True,True,False
2420,True,True,False,True,False
2421,True,True,True,True,False
2422,True,False,True,False,True
2423,True,False,True,True,False
2424,True,False,False,True,False
2425,True,False,False,False,False
2426,True,False,False,True,False
2427,True,False,False,False,False
2428,True,True,True,True,False
2429,True,False,True,True,False
2430,True,False,False,True,False
2431,True,False,False,False,False
2432,True,False,True,True,False
2433,False,False,False,False,False
2434,True,False,True,True,False
2435,True,False,False,True,True
2436,False,True,False,False,False
2437,True,False,False,True,False
2438,True,False,False,True,False
2439,True,False,False,True,True
2440,True,False,False,False,True
2441,False,True,False,True,False
2442,True,True,True,True,False
2443,True,False,False,False,False
2444,True,False,False,True,False
2445,False,True,False,True,True
2446,True,True,False,False,False
2447,False,False,True,True,False
2448,True,True,False,False,False
2449,True,True,False,True,False
2450,True,True,False,True,False
2451,True,True,True,True,False
2452,True,False,True,True,False
2453,True,False,False,False,False
2454,True,False,False,False,False
2455,True,False,False,True,False
2456,True,False,True,True,False
2457,True,False,True,True,False
2458,True,False,False,True,False
2459,True,False,False,True,False
2460,True,False,False,True,False
2461,True,False,False,True,False
2462,True,False,True,True,False
2463,True,False,False,False,True
2464,True,True,False,True,False
2465,True,False,True,True,False
2466,True,True,False,True,False
2467,True,False,True,True,True
2468,True,True,False,True,False
2469,True,False,False,True,True
2470,True,False,True,True,False
2471,True,False,True,False,False
2472,True,False,False,True,True
2473,True,False,False,True,False
2474,True,False,False,True,True
2475,True,False,False,True,True
2476,True,True,False,False,False
2477,True,False,False,True,False
2478,True,False,False,True,False
2479,True,True,False,True,True
2480,True,False,False,True,False
2481,True,False,False,False,False
2482,True,False,True,True,False
2483,True,False,False,True,False
2484,True,False,False,True,False
2485,True,False,True,True,False
2486,True,False,True,True,False
2487,True,False,False,True,False
2488,True,False,True,True,False
2489,True,True,False,True,False
2490,True,False,True,False,False
2491,True,False,False,True,False
2492,True,False,False,True,False
2493,True,False,False,True,False
2494,True,False,False,False,True
2495,True,False,False,True,False
2496,False,True,False,True,False
2497,True,False,False,True,True
2498,True,False,False,True,False
2499,True,False,False,True,False
2500,True,True,True,True,False
2501,True,False,False,False,True
2502,True,True,True,True,False
2503,True,False,False,True,True
2504,True,False,False,False,True
2505,True,False,False,False,True
2506,True,False,True,True,False
2507,True,False,True,True,False
2508,True,False,False,True,False
2509,True,False,False,False,False
2510,True,False,False,False,True
2511,True,False,False,True,False
2512,True,False,True,True,False
2513,True,False,False,False,False
2514,False,False,False,False,True
2515,True,False,True,False,True
2516,True,False,False,True,True
2517,True,True,False,False,True
2518,True,False,True,True,True
2519,True,True,True,True,False
2520,True,False,False,True,True
2521,True,False,True,True,True
2522,True,False,False,False,False
2523,True,True,False,False,False
2524,True,True,True,True,True
2525,True,True,False,True,False
2526,True,False,False,False,False
2527,True,False,True,False,True
2528,True,False,False,False,False
2529,True,False,False,True,False
2530,True,False,False,True,False
2531,True,False,False,True,True
2532,True,False,False,True,True
2533,True,False,False,True,False
2534,True,False,False,True,False
2535,True,False,True,False,False
2536,True,True,True,True,False
2537,True,False,False,False,False
2538,True,False,False,True,False
2539,True,True,True,True,True
2540,True,False,True,False,False
2541,True,True,True,True,True
2542,True,False,False,True,True
2543,True,True,False,True,False
2544,True,False,False,False,False
2545,True,False,True,True,False
2546,True,False,False,True,False
2547,True,False,False,False,False
2548,True,False,False,True,False
2549,True,True,True,True,False
2550,False,False,True,False,True
2551,True,True,False,True,False
2552,True,False,True,True,False
2553,True,False,False,True,False
2554,True,False,True,True,True
2555,True,False,False,True,False
2556,True,False,True,True,False
2557,True,True,False,False,True
2558,True,True,True,True,False
2559,True,False,True,True,False
2560,True,False,False,False,False
2561,True,False,False,False,False
2562,True,False,False,False,False
2563,True,False,False,False,True
2564,True,False,False,False,False
2565,True,False,True,True,False
2566,True,True,True,False,False
2567,True,False,False,False,False
2568,True,False,True,True,False
2569,True,False,False,False,False
2570,True,False,False,True,False
2571,True,True,True,True,False
2572,True,False,False,False,False
2573,True,False,False,False,False
2574,True,False,False,True,False
2575,False,True,False,False,True
2576,True,False,True,True,False
2577,True,False,False,True,False
2578,True,False,False,False,False
2579,True,False,False,True,False
2580,True,False,False,True,False
2581,True,False,False,False,False
2582,True,False,False,False,False
2583,True,False,True,True,False
2584,True,False,False,True,False
2585,True,True,False,False,False
2586,True,False,False,False,True
2587,True,False,False,True,True
2588,True,False,False,True,False
2589,True,False,False,False,False
2590,True,False,False,True,False
2591,False,True,True,False,False
2592,True,True,True,True,False
2593,True,True,False,False,True
2594,True,True,True,True,True
2595,True,False,False,False,False
2596,True,False,True,False,False
2597,True,False,True,True,False
2598,True,True,True,True,False
2599,True,True,True,False,True
2600,True,True,True,True,False
2601,True,False,False,True,False
2602,True,False,False,True,False
2603,True,False,False,True,True
2604,True,True,False,True,False
2605,True,False,False,False,False
2606,True,False,False,True,False
2607,True,False,False,False,True
2608,True,False,False,True,True
2609,True,True,True,False,False
2610,True,False,True,True,False
2611,True,False,False,True,False
2612,True,False,False,False,True
2613,True,False,False,False,False
2614,True,False,True,True,False
2615,True,False,False,False,False
2616,True,False,False,True,False
2617,True,False,False,True,False
2618,True,False,False,True,False
2619,True,False,False,False,True
2620,True,False,False,False,True
2621,True,False,False,False,True
2622,True,True,True,True,False
2623,True,True,True,True,False
2624,True,False,True,True,False
2625,True,False,False,True,True
2626,False,False,True,False,False
2627,True,True,False,False,False
2628,False,False,True,False,False
2629,False,False,True,False,False
2630,True,False,True,True,True
2631,True,False,True,True,False
2632,True,False,False,True,True
2633,True,False,False,False,False
2634,True,True,False,True,False
2635,True,True,False,True,False
2636,True,False,False,True,False
2637,True,True,False,True,True
2638,True,True,True,True,False
2639,True,False,False,True,False
2640,True,True,True,True,True
2641,True,True,True,True,False
2642,True,False,False,True,False
2643,True,False,False,True,False
2644,True,False,False,True,False
2645,True,True,False,True,False
2646,True,False,False,True,False
2647,True,False,True,True,True
2648,True,False,True,True,False
2649,True,False,False,True,False
2650,True,False,False,False,False
2651,True,True,True,False,False
2652,True,False,True,True,False
2653,True,False,True,True,False
2654,False,True,False,False,False
2655,True,True,False,False,False
2656,True,False,False,True,False
2657,True,False,True,True,False
2658,True,False,False,False,False
2659,False,False,False,True,False
2660,True,False,False,False,True
2661,True,True,False,True,False
2662,True,False,False,True,False
2663,True,False,False,True,False
2664,True,False,False,False,True
2665,True,False,True,True,False
2666,True,False,False,True,True
2667,True,True,True,True,True
2668,True,False,False,True,False
2669,True,True,True,True,False
2670,True,False,False,False,False
2671,True,False,False,True,False
2672,True,False,True,True,False
2673,True,True,True,True,False
2674,True,True,False,True,False
2675,True,True,True,False,False
2676,False,True,True,False,True
2677,True,True,True,True,False
2678,True,False,False,True,False
2679,True,False,False,True,True
2680,True,False,False,False,False
2681,True,False,False,True,False
2682,True,False,False,True,False
2683,True,False,False,False,False
2684,True,True,True,True,False
2685,True,False,False,False,False
2686,False,True,False,False,False
2687,True,False,False,False,False
2688,True,False,False,False,False
2689,True,False,False,True,False
2690,True,False,True,True,False
2691,True,False,True,True,False
2692,True,False,True,True,False
2693,True,False,False,True,False
2694,True,False,False,True,False
2695,True,True,False,False,False
2696,True,False,False,True,True
2697,True,False,False,True,True
2698,True,False,False,True,False
2699,True,False,False,True,False
2700,True,True,False,True,False
2701,True,False,False,False,False
2702,True,False,False,False,True
2703,True,True,True,True,False
2704,True,False,False,True,False
2705,True,False,False,False,False
2706,True,True,True,True,False
2707,True,False,False,True,False
2708,True,False,False,True,False
2709,True,True,False,True,False
2710,True,False,False,False,False
2711,True,True,True,True,False
2712,True,True,False,True,False
2713,True,True,False,True,False
2714,False,False,False,False,False
2715,True,False,False,True,False
2716,True,True,False,True,False
2717,True,False,True,True,True
2718,False,True,False,True,False
2719,True,True,False,True,False
2720,True,False,True,True,False
2721,True,False,False,True,False
2722,True,False,False,True,False
2723,True,False,True,True,False
2724,True,True,False,True,False
2725,True,False,False,True,False
2726,True,False,False,True,False
2727,True,True,False,True,False
2728,True,False,False,True,False
2729,True,True,True,True,False
2730,True,False,True,True,True
2731,True,False,True,True,False
2732,True,False,False,True,False
2733,True,False,False,True,False
2734,True,True,True,True,False
2735,True,False,False,True,False
2736,True,False,False,True,True
2737,True,False,False,False,True
2738,True,False,False,False,False
2739,True,True,False,False,True
2740,True,False,True,False,True
2741,True,True,False,True,False
2742,True,False,False,True,False
2743,True,False,False,True,False
2744,True,True,True,True,False
2745,True,False,False,True,False
2746,True,True,False,True,False
2747,True,True,True,False,False
2748,True,False,False,False,False
2749,True,False,False,False,True
2750,True,True,False,True,True
2751,False,True,False,False,False
2752,True,False,False,True,False
2753,True,True,False,True,False
2754,True,False,False,False,False
2755,True,True,False,True,False
2756,True,False,False,True,False
2757,True,False,False,True,False
2758,True,True,True,True,False
2759,True,False,True,False,True
2760,True,False,False,False,False
2761,True,True,True,False,True
2762,True,True,True,True,False
2763,True,False,True,True,False
2764,True,False,False,True,False
2765,True,False,False,True,False
2766,True,True,False,True,False
2767,True,False,False,True,False
2768,True,False,False,True,False
2769,True,False,False,True,False
2770,False,False,False,True,False
2771,False,False,True,True,False
2772,True,False,False,True,False
2773,True,False,False,True,False
2774,True,False,False,True,False
2775,True,False,False,True,False
2776,True,False,False,True,False
2777,True,False,False,False,True
2778,True,False,False,True,False
2779,True,False,False,True,False
2780,True,False,False,True,False
2781,True,False,False,False,True
2782,True,False,False,False,True
2783,True,False,True,False,False
2784,True,False,False,True,False
2785,True,False,False,True,False
2786,True,True,True,False,True
2787,True,False,False,True,False
2788,True,False,False,True,False
2789,True,False,True,True,False
2790,True,False,True,False,False
2791,True,False,False,False,True
2792,True,True,True,True,False
2793,True,True,False,True,False
2794,True,False,False,True,False
2795,True,False,True,True,False
2796,True,True,False,True,True
2797,True,False,False,False,True
2798,True,True,False,False,True
2799,True,False,False,True,False
2800,False,False,False,False,False
2801,False,True,True,False,True
2802,True,False,False,True,False
2803,True,False,True,True,False
2804,True,True,True,False,False
2805,False,False,False,False,False
2806,True,False,False,False,False
2807,True,False,False,False,False
2808,True,False,False,True,False
2809,True,True,False,True,False
2810,False,False,False,False,False
2811,True,True,False,True,True
2812,True,False,False,False,True
2813,True,False,False,False,False
2814,True,True,False,True,False
2815,True,False,False,True,False
2816,True,False,False,False,True
2817,True,True,False,True,False
2818,True,False,False,True,False
2819,True,False,False,False,True
2820,True,False,False,True,False
2821,True,False,False,False,True
2822,True,False,False,False,True
2823,True,True,False,True,False
2824,True,False,False,True,True
2825,True,False,False,True,False
2826,True,True,False,True,False
2827,True,False,False,True,False
2828,True,True,False,True,False
2829,True,False,False,False,True
2830,True,True,True,False,False
2831,True,False,False,False,True
2832,True,False,False,True,False
2833,True,False,False,False,False
2834,True,False,False,True,True
2835,True,False,False,True,False
2836,True,False,False,True,False
2837,True,False,False,True,False
2838,True,False,False,True,False
2839,True,False,True,True,False
2840,True,False,False,True,False
2841,True,True,True,False,False
2842,True,False,False,True,False
2843,True,True,True,False,False
2844,True,False,False,True,False
2845,True,False,False,False,False
2846,True,False,False,False,False
2847,True,True,False,True,True
2848,False,False,True,False,False
2849,True,True,False,False,True
2850,True,True,False,False,False
2851,True,True,True,False,True
2852,True,False,False,True,False
2853,True,False,False,True,False
2854,True,False,False,True,False
2855,True,True,True,True,False
2856,True,False,False,True,False
2857,True,False,False,True,False
2858,True,True,True,True,False
2859,True,True,True,True,False
2860,True,True,True,True,False
2861,True,False,False,False,False
2862,False,True,False,True,False
2863,True,False,True,True,False
2864,False,False,False,False,True
2865,True,False,False,False,False
2866,True,False,False,True,True
2867,True,True,True,False,False
2868,True,True,False,True,False
2869,True,False,False,True,False
2870,True,False,True,True,False
2871,True,False,False,False,True
2872,True,False,False,False,False
2873,True,False,False,False,False
2874,True,True,True,False,False
2875,True,True,False,True,False
2876,True,False,True,False,False
2877,True,False,True,True,False
2878,False,False,False,False,False
2879,True,True,False,False,False
2880,True,False,False,True,False
2881,True,False,False,True,False
2882,True,True,True,False,False
2883,True,False,False,False,False
2884,True,False,False,True,False
2885,True,True,True,True,False
2886,True,True,False,True,False
2887,True,False,False,True,False
2888,True,False,False,True,False
2889,True,False,True,True,False
2890,True,False,False,True,False
2891,False,True,False,False,False
2892,True,True,False,True,False
2893,True,False,False,False,False
2894,True,False,False,True,False
2895,True,False,False,True,False
2896,True,False,True,True,False
2897,True,False,True,False,False
2898,True,False,False,True,False
2899,True,False,True,True,False
2900,True,False,False,True,False
2901,True,False,True,True,False
2902,True,False,True,False,True
2903,True,True,True,True,False
2904,True,False,False,False,True
2905,True,False,True,False,False
2906,True,False,False,False,True
2907,True,True,True,False,False
2908,True,False,False,True,False
2909,True,False,False,True,False
